post_id,comment_id,comment_user,comment_text
1877109514705293431,18157547761070924,joon.zack1,Wow look so beautifulâ¤ï¸
1877109514705293431,17875315951395310,robert_olympic,ERES UNA DEJADA SUBE FOTOSâ¤ï¸
1877109514705293431,17867575363417553,robert_olympic,ME MEOğŸ˜‚ğŸ¤£ğŸ˜‚
1877109514705293431,18080399326012580,robert_olympic,VA DETRAS DE MARIANA COMO UN PERRITO FALDEROâ¤ï¸ğŸ‘—ğŸ•ğŸ¶ğŸ¤£ğŸ˜‚ğŸ˜
1877109514705293431,17878585414389165,robert_olympic,VA DETRAS DE MARIANA ğŸ˜ğŸ•ğŸ¶
1877109514705293431,17892783238358927,robert_olympic,ğŸ˜‚ğŸ¤£ğŸ˜‚
1877109514705293431,17887797610367205,robert_olympic,ME PARTO DE RISA CON ROBERTOğŸ¤£ğŸ˜‚ğŸ¤£
1877109514705293431,17876718754376574,_bhef,Holaaaaaa !!! SÃ­gueme en Instagram
1877109514705293431,18077086324060663,pushpo_adb,Why you dont upload any video on youtube?or why you dont post on Instagram?ğŸ˜“
1877109514705293431,17882048095366872,robert_olympic,LA CASETA DE LA FERIA DE LIBRO NÃšMERO Y DONDE ESTÃ SITUADA
1877109514705293431,18073435828027574,robert_olympic,LA CAESTA DEL LIBRO CUAL ES HERMOSA MADRID DÃAS  FECHAS â¤ï¸ESTAMOS ANSIOSOSğŸ’¡ğŸ“ğŸ“–ğŸ“š
1877109514705293431,17843113297468683,mangeles.twin,Bela esa patryğŸ˜ğŸ˜˜ğŸ™Œ
1877109514705293431,17857054114412052,ginnyback,ğŸ’¯ ğŸ˜ Bella !!!!
1877109514705293431,18031727725155503,robert_olympic,CHEQUEO UN DÃA LIBRE SAMSUMG ESPAÃ‘AğŸ‘©â€âš•ï¸ğŸ‘©â€ğŸ’»ğŸ‘©â€ğŸ“ğŸ’ğŸ’–ğŸ’•ğŸ’“ğŸ©
1877109514705293431,17855115790370414,dhanarojasj,q hermosağŸ˜ğŸ˜˜
1877109514705293431,18017617201029262,annabelle_the_queen,que linda!!!!! soy tu fan
1877109514705293431,17917163746250830,irenee.carrillo,Te acabo de ver el youtube rewindâ¤ï¸â¤ï¸
1877109514705293431,17873039068294704,xiomaralb_,Uxu
1877109514705293431,17970401242179134,ana.uson,ğŸ˜„ğŸ˜‰ğŸ“ğŸ“ğŸ“
1877109514705293431,17986908856007531,ypct_angymartinez,ğŸ’ªguapa
1877109514705293431,17908366570246634,karencarballo87,Sonrie siempre aunque halla personas q eso le incomoda. Bs guapa!!!
1877109514705293431,17893919647257146,tecnoestetica_laser,ğŸ”ğŸ‘Œ
1877109514705293431,17921515744208428,albert44p,"el nombre de tu instagram / youtube /web esta anticuado , que fuera ese el nombre hace 5 aÃ±os te lo medio acepto pero esque ya es 2018 y llegando a 19 y eso de el sexismo como que no pinta mucho"
1877109514705293431,17983187089058324,bpb63,ğŸ˜ğŸ˜ğŸ˜ğŸ˜
1877109514705293431,17968167478115726,crist_wellness,ğŸ˜„ğŸ˜„ğŸ˜„ğŸ¤—
1877109514705293431,17958454213187487,claudiaarteagadelforn,"SonrÃ­e siempre, eres bella"
1877109514705293431,17969569717129507,ypct_leibehetra,Y la tuya ademÃ¡s ilumina vidas con rincones oscuros ğŸ˜˜
1877109514705293431,17958087175141616,roommatehotels,Wow ğŸ’œğŸ’œğŸ’œ
1877109514705293431,17984002768040314,_leiireee,Guapa!!!!!!!!! ğŸ˜˜ğŸ˜â¤ï¸ğŸŒ¸ğŸ˜˜ğŸŒ¸ğŸ˜˜
1877109514705293431,17905005589244584,alejaescobarc,Guapa â¤
1877109514705293431,17957203903143289,nievesfelipegarcia,Eres guapÃ­sima por eso no dejes nunca de sonreÃ­r@patryjordanğŸ˜ğŸ˜ğŸ˜
1877109514705293431,17982044959059928,derrickmiller0077,Por eso no debemos dejar de reÃ­r nunca ğŸ˜„ğŸ˜„ğŸ˜„
1877109514705293431,17908628518240497,es.trella1268,Super guapa me encanta tu sonrisa
1877109514705293431,17983255318010255,pao_alejandra.mg,Guapa!! ğŸ”¥ğŸ¤©
1877109514705293431,17983293127001985,kathealvarez.93,TotalmenteğŸ˜„ğŸ˜„
1877109514705293431,17983538269046466,_.shaluna._,La sonrisa es tu mejor maquillajeğŸ˜‰
1877109514705293431,17947842937169636,danii_madrid12,Que pasada de foto @patryjordan estÃ¡s guapÃ­sima ğŸ’™ â˜ºï¸
1877109514705293431,17954581936149916,carmencita_dandoamorasucuerpo,Pero que bonita ğŸ˜ğŸ˜ğŸ’“!! Yo dirÃ­a que linda sonrisa tienes es tu mejor maquillaje ğŸ‘ŒğŸ˜˜ğŸ˜˜ğŸ˜˜
1877109514705293431,17852744290292438,ara.tsuyua,Y sÃ­... <3
1877109514705293431,17978915515068980,cclaudiasoler,Guapa!!!!
1877109514705293431,17968900585105483,andrea12de_ivan,Que wapa patry las gafas te quedan muy bien wapağŸ˜˜
1877109514705293431,17956177303132510,whowaspauu,guuuaaaapaaaaaağŸ’œ
1877109514705293431,17983998208021167,nazaret_bg,GuapaaağŸ˜
1877109514705293431,17955991438182618,alemaniaca11,Toda tu eres genial ğŸ’
1862535601232957405,17981702051013610,cristian.cortes.chile,R I C A .... Exquisita
1862535601232957405,17988075238197806,lobof150azteca,Hermosos labios ğŸ˜ğŸ˜ğŸ˜
1862535601232957405,18005975653079744,rajuma61,Vaya ojazosğŸ’•
1862535601232957405,17985123832101100,ana.uson,ğŸ“ğŸ“ğŸ“
1862535601232957405,17908562218236839,_marquiss_,Las quieran mi pack que me digan algo ğŸ˜
1862535601232957405,17980207201005027,nohelysalinas_,Saludos desde PanamÃ¡
1862535601232957405,17902090924245101,maariaarocaa,"No tengo ninguna rutina, con estos productos podrÃ­a empezar. Bueno siempre me desmaquillo y hidrato mi piel pero a parte de crema hidratante no uso nada mÃ¡s. #biothermlovers"
1862535601232957405,17973809500070221,lary_limia,"Mi rutina de recuperaciÃ³n del verano es al menos semanal mente utilizar exfoliar la piel y utilizar una mascarilla, si es revitalizante mejor ğŸ˜‰ #BiothermLovers"
1862535601232957405,17859668857284680,evayiiiha,"Yo me desmaquillo con agua miscelar, despuÃ©s me aplicÃ³ un tÃ³nico y crema hidratante. A veces antes de la crema me pongo un poco de Ã¡loe vera porq es muy refrescante #BiothermLovers"
1862535601232957405,17969764219079677,najwitita22,"#biothermlovers yo por la noche, despuÃ©s de desmaquillarme, me dejo la crema hidratante en la zona de las ojeras a modo mapache una media hora, me vuelvo a lavar la cara y vuelvo a hidratar normal"
1862535601232957405,17948519473152648,reginaconcus,"Soy muy clasica. Cara lavada, crema hidratante y listos!! #biothermlovers"
1862535601232957405,17859377767280929,lucialond1994,"Estoy encantada con tu cambio luego del concurso. Se te ve mÃ¡s libre, mÃ¡s linda que nunca... Felicitaciones."
1862535601232957405,17977527664047402,sharedelangel,Los ojos mÃ¡s lindos ğŸ˜ de YouTube ğŸ™ˆ
1862535601232957405,17915985775211084,raquelmirallesmartinez84,"#biothermlovers mi rutina de recuperaciÃ³n de la piel es: lavarme bien con agua, jabÃ³n, tÃ³nico o agua micelar. Crema hidratante. Este verano descubrÃ­ el agua micelar. Fue un cambio espectacular para mi"
1862535601232957405,17859269983282660,monica0338,#biothermlovers mi rutina de belleza es muy sencilla mi limpio la cara me saco el maquillaje con crema aclarÃ³ bien y luego me hidrato la piel con alguna crema con vitaminas... aveces uso contorno de ojos... necesito mas productos para apliar mi rutina!!
1862535601232957405,17977800175007579,clousie84,La doble limpieza con agua micelar y una espuma limpiadora #biothermlovers
1862535601232957405,17947714924157177,kras_s,"mi rutina es fÃ¡cil y rÃ¡pida para que no me de pereza o se me olvide. Cuando me quito las lentillas, me desmaquillo con agua micelar, la limpio con un gel y luego con el tÃ³nico le usÃ³ como crema y asÃ­ todas las noches #biothermlovers"
1862535601232957405,17888218621253040,esthr_ks,Limpiar bien la piel al levantarme y acostarme e hidratar la piel con crema de @biotherm y sÃ©rum de ojos #biothermlovers
1862535601232957405,17950578400189623,anab.encinasfuentes,Agua con jabÃ³n y aceite de almendras #BiothermLovers
1862535601232957405,17963027149099221,ana_k_castro,Lavarme  cara todas las noches y una crema hidratante #biothermLovers
1862535601232957405,17885946556256645,eva_valdomar,Limpieza con agua tibia y jabÃ³n suave por la maÃ±ana y por la noche y hidratante #biothermlovers
1862535601232957405,17962762000101632,lilith.atz,"Un truco que uso diario para mis bolsitas bajo los ojos es tener 2 cucharas en el refrigerador, y me las paso suave por el Ã¡rea de las bolsitas, las disminuyen mucho, luego me pongo la crema de ojos que tambiÃ©n estÃ¡ en el refri y humecta y sigue desinflamando mis ojitos ;) #biothermlovers"
1862535601232957405,17947811935148725,marlen_ripseg,Que guapisima eresğŸ˜ğŸ˜en todos los sentidos
1862535601232957405,17878883131270913,a.malia.a,#biothermlovers mi rutina es limpiar la cara dos veces al dÃ­a con jabÃ³n natural e hidratar.
1862535601232957405,17879374042269422,fati_munozpj,A mi me gusta lavarme la cara con agua y ponerme una crema hidratante con protecciÃ³n solar y ya #BiothermLovers
1862535601232957405,17878393279263862,marta_gimenez,"Por la MaÃ±ana: limpiar la cara con jabon, poner tÃ³nico facial, sÃ¨rum y BB Cream o crema hidratante. Por la noche: desmaquillar con agua micelar, con una jabon facial, tÃ²nica para cerrar poros, y crema nocturna. (1 dia a la semana exfolio y uso aceite en seco para ir a dormir e hidratar todo). Al igual que cada dia cacao de labios y la crema de contorno de ojos!"
1862535601232957405,17914195834218166,rocamrod,"En mi rutina diaria siempre utilizo agua micelar, jabÃ³n para luego retirar el exceso, tÃ³nico y por Ãºltimo hidratante ğŸ˜Š#BiothermLovers"
1862535601232957405,17917258777204979,puricolladopino,Mi rutina es Exfoliante a tope porq mi piel es mixta y una por semana me pongo una mascarilla# biothermlovers
1862535601232957405,17903105155240437,la_potingues,Uso exfoliantes a tope para intentar limpiar los millones de poros que tengo y siempre siempre siempre me desmaquillo #BiothermLovers
1862535601232957405,17886892075256235,crisrintej,"Mi rutina consiste en desmaquillarme con aceite de coco natural, lavar el rostro con alguna limpiadora, serum y luego hidratante #Biothermlovers"
1862535601232957405,17963061499104609,altealonso,"Mi rutina diaria es sencillita, desmaquillo, limpio la piel con un jabÃ³n natural, tÃ³nico e hidratante. Una vez a la semana exfolio y aplico mascarilla !ğŸ˜‹"
1862535601232957405,17976614893034324,inebana_artesania,"Pues yo, por las maÃ±anas, uso un exfoliante diario, muy suave, y mi hidratante(no necesito maquillaje, y menos para el trabajo); y a la noche, agua micelar, agua de avena e hidrataciÃ³n. Y si, por lo q sea, me he maquillado, me desmaquillante bien rostro y ojos, con bifÃ¡sicos, agua micelar, agua de avena y mi hidratante.... Hace aÃ±os q soy #BiothermLovers!!!!!"
1862535601232957405,17951257423141190,mdillescas,"El agua micelar, una buena hidratante y.. muchos besitosğŸ˜˜#biothermlovers"
1862535601232957405,17956532014088002,mariancg3,"Mi rutina facial empieza con agua miscelar, tÃ³nico, mascarilla ( una vez a la semana) , pulverizo agua de avena , hidratante, antiojeras , serum para las pestaÃ±as y balsamo labial hidratante. Despues de todo esto a dormir!!! Descansar es muy importante para la piel ğŸ˜‰ #biothernlovers"
1862535601232957405,17962919326119340,carolinagamar,Mi truco es agua micelar y Ã¡cido hialuronico
1862535601232957405,17956112491082422,ferandvill,Mi truquito es usar agua micelar como  tÃ³nico y una buena hidrataciÃ³n. Siendo un #BiothermLovers lo conseguirÃ©.
1862535601232957405,17955927652086903,jessyjubry,"A mi me gusta mucho el aceite de argan , pero deseando que toque el lote #biothermlovers jeje"
1862535601232957405,17956525702086369,soldoro,"Mi rutina diaria empieza con la leche limpiadora y el tonico. Y luego me aplico serum y mi cremita hidratante y la del contorno de ojos. Una vez por semana, o 2 en Ã©pocas mÃ¡s locuelas, me hago exfoliaciÃ³n y pongo mascarilla reequilibrante para pieles sensibles. #biothermlovers ğŸ˜Š"
1862535601232957405,17902713652242682,dimuff,"Mi truco es limpieza previa con agua micelar, baÃ±o relajante (sin movil) una mascarilla y al lio!"
1862535601232957405,17950593709184056,martha_fc,"Mi rutina diaria es el lavado con un jabÃ³n de AloeVera, posterior siempre me dejo secar la cara a palmaditas y me pongo mi crema hidratante. Por la noche realizo el mismo proceso. De vez en cuando me pongo mascarillas de yogurth o de la pulpa de sÃ¡vila  #BiothermLovers"
1862535601232957405,17950146367134515,monterodomenica,Por la noche me exfolio la carita con avena y leche y mascarillas limpiando y tonificando y dejandole bella # biothermlovers
1862535601232957405,17971877416066919,larizosdechocolate,Por la noche exfolio mi cara con con exfoliante hecho por mi uso mi gel con mi limpiador facil tonico y crema super
1862535601232957405,17968666849076200,larizosdechocolate,Por la maÃ±ana me lavo la cara con un gel refrescante y un poco de crema hidratante
1862535601232957405,17858890240281012,yoa_lal,#biothermlovers Yo me lavo bien la cara con agua y jabÃ³n la seco con una toalla limpia y me colocÃ³ un tÃ³nico cada noche y los domingos me exfolio la cara.
1862535601232957405,17934719014198940,neusleon,"#biothermlovers Desmaquillarme muy bien la cara todas las noches..Luego lavarla con agua y jabÃ³n, tÃ³nico y crema hidratante."
1862535601232957405,17968021609073606,casapitusa,"Pues yo lamentablemente, no hago nada, en 50 aÃ±os que tengo prÃ¡cticamente no he utilizado productos de cuidado de piel, y yo creo que nunca es tarde para empezar...#biothermlovers"
1862535601232957405,17942225800173855,78toni,"Una vez a la semana me exfolio la piel((mi dia libre de trabajo))lavo mi cara y me aplico la mascarilla,mientras espero cojo mi libro((el ultimo con el que este en ese momento))
Cuanto mas tiempo la tengo mas hidratada luego,la retiro y me pongo serum ;cuando noto que la absorbe mi pielentonces unos puff de agua micelar y la hidratante. Me quedo como nueva"
1862535601232957405,17977213486025421,susecretodemoda,Se puede participar con el perfil privado party??ğŸ˜™ğŸ˜™
1862535601232957405,17846997040288237,_gaarcia__,"Todas las maÃ±anas crema hidratante para la cara y para el cuerpo, los lunes por la maÃ±ana limpieza de cara con crema limpiadora, tÃ³nico y exfoliante. A veces tambiÃ©n  mascarilla de aguacate ğŸ˜˜"
1862535601232957405,17917865593205185,alejaescobarc,Guapaaaa â¤
1862535601232957405,17944877410160692,lorenujis,"#biothermlovers Pues mis rituales hay para rato jajaja, en cuestiÃ³n de lo que es la cara....2-3 veces a la semana un exfoliante, una vez al mes mascarilla facial, y cada dia dos veces al dia por la maÃ±ana y por la noche limpieza con leche limpiadora, un lavado con jabÃ³n facial y cepillito manual, una pasada de tÃ³nico y por ultimo contorno de ojos y crema hidratante, y lo mas importante protecciÃ³n para el sol. Antes no era de tanto ritual, cuidaba la higiene sin tanta cosa, peeero cuando cumplÃ­ los 30 y ves salir las patas de gallo dices diooos hay que mantener una piel en buenas condiciones jajajaja."
1862535601232957405,17963193187107277,teresaap95,Una vez a la semana me exfolio la piel de todo el cuerpo! Y tooodoss los dÃ­as crema protecciÃ³n solar para todo lo expuesto al sol!! Y para la cara he sustituido el tÃ³nico por agua micelar y me va de lujo â¤ #biothermlovers
1862535601232957405,17942140051169923,ll_geo_ll,Oh solo EspaÃ±a bueno q suertudas jeje
1862535601232957405,17949026665145509,flor_biohazard,#BiothermLovers exfoliante e hidrataciÃ³n despuÃ©s es la mejor combinaciÃ³n ğŸŒ»
1862535601232957405,17950891738130765,crispe7,Mi rutina diaria es limpiarme la cara con jabÃ³n y tÃ³nico despuÃ©s uso crema antiarrugas para los ojos y cara. Una vez a la semana exfoliante. Me encantarÃ­a que me tocara y probar esos dos productos de #biothermlovers  gracias por el sorteo.
1862535601232957405,17918003965205848,gajiroc,"#biothermlovers una vez a la semana me lavo la cara con un jabÃ³n neutro,la exfolio y cremita,normalmente por la noche antes de dormir ya que nuestro cuerpo sigue en marcha de noche pero mÃ¡s lentamente.Suerte a tod@s ğŸ˜˜"
1862535601232957405,17899502308246314,vanessa.crafts.78,"#BiothermLovers ,primero desmaquillo y limpio mi rostro para luego hidratar y descansar por la nocheğŸ˜˜"
1862535601232957405,17942018722168251,julyestsul,Limpiarme la cara com agua micelar y un astringente para piel mixta #biotermlovers
1862535601232957405,17935587592197042,vickyperez2706,"#BiothermLovers lo que hago primero es limpiar la piel de la cara con leche micelar para pieles frÃ¡giles y delicadas, ya que tengo la piel atopica, y despuÃ©s me aplico una crema emoliente de plÃ¡ntulas de avena para pieles atopicas. Lo hago tanto por la maÃ±ana como por la noche. Gracias por el sorteo ğŸ˜ƒğŸ˜˜"
1862535601232957405,17942302855169081,hajar_hrrak,Pues muy simple lavarme la cara tres veces con agua y ya esta! #biothermlovers
1862535601232957405,17978589835009645,ccuentaadesactivada,"Mi rutina es lavarme la cara con un gel para los granitos de ""cumlaude"", luego me hecho agua de uva de ""cuadalie""en spray y por ultimo me pondo mi crema hidratante de ""the body shop""â¤â¤â¤ #biothermlovers"
1862535601232957405,17976469966054815,noe_lapampli,"#biothermlovers me desmaquillo con agua micelar y despues utilizo un gel limpiador, bien puede ser clinique o biotherm. En la ducha tengo uno de Yves Rocher para diario cada vez que me ducho me lavo la cara con el"
1862535601232957405,17945151325167257,noe.r.h,"#biothermlovers me limpio la cara con leche desmaquilladora, despuÃ©s tÃ³nico, tras esto, me lavo la cara con agua, y por Ãºltimo me echo crema hidratante"
1862535601232957405,17945152249165120,monica_frdez,"#BiothermLovers lavar la cara yo prefiero agua y gel y luego tonico (para la que estÃ©is pasando por un brote de acnÃ© cuando nunca habÃ©is tenido os recomiendo: Institut Esthederm intesive propÃ³leos lotion es una pasada) serum, contorno de ojos(que es sÃºper delicado ) y crema super hidratante. Esto maÃ±ana y noche. Exfoliar la piel pero ojo tampoco venirnos arriba todavÃ­a hay soy y implica dejar la piel la desprotegida. Besotes y suerte a todas !!"
1862535601232957405,17947629328144335,mairagena,"#BiothernLovers lo mejor es hidrataciÃ³n, hidrataciÃ³n y mÃ¡s hidrataciÃ³n"
1862535601232957405,17855406709285019,_xennnia,"#biothermlovers desmaquimlarme, lavarme la cara cada dia y ponerme cremita hidratante ğŸ˜‹"
1862535601232957405,17962093327105678,nat_dominique_schmitz,"#BiothermLovers cada semana una mascarilla con arcilla verde: limpia en profundidad la piel. Luego una buena hidrataciÃ³n, siempre con cosmÃ©tica SIN siliconas."
1862535601232957405,17977953916049587,carlabf24,"Yo no tengo trucos, solo me lavo la cara maÃ±ana y noche con productos para piel mixta ğŸ˜Š #BiothermLovers"
1862535601232957405,17948020174145034,shialaa,#BiothermLovers por las maÃ±anas para despertar la cara utilizo un producto que es agua de avena y me va genial refresca mucho y noto la piel mÃ¡s tonificada ğŸ˜€ğŸ˜€
1862535601232957405,17962150906115998,vivisardon,Yo me hago una rutina de limpieza con agua termal luego exfoliante y luego tÃ³nico y luego serum de dia y otro de noche. Y la verdad tengo la piel bien cuidada .me gustarÃ­a probar esas marcas.#biothermlovers
1862535601232957405,17947545259150238,merycrespoes,Una mascarilla una vez por semana #biothermlovers
1862535601232957405,17903211568242963,matasveronica,"#biothermlovers ğŸ’‹Hola bonita! Primero desmaquillo bien con desmaquillador de ojos y con gel limpiador, a continuaciÃ³n aplico agua micelar con un algodÃ³ncito para quitar restos, despuÃ©s ya aplico contorno de ojos y crema nutritiva/regeneradora de noche o hidratante de dia. Intento una o dos veces al mes exfoliar el rostro y utilizar mascarilla antioxidante y mascarilla hidratante con algo de Ã¡cido hialuronico/colageno o algo asÃ­, que una ya estÃ¡ en la edad crÃ­tica jejejjejejej! BesitosğŸ¤©ğŸ’‹"
1862535601232957405,17915463757209812,ivalsz_,"#BiothermLovers Normalmente uso una lociÃ³n astringente por las maÃ±anas, en las noches me lavo la cara con jabÃ³n exfoliante y al Ãºltimo una crema hidratante â˜ºï¸"
1862535601232957405,17956239139082373,mariajose.om,"Agua micelar, crema hidratante y dos veces por semana una buena exfoliaciÃ³n !!! ğŸ˜„ğŸ˜„ğŸ˜„ #biothermlovers"
1862535601232957405,17962625371096003,nuriagaro,"Yo no tengo trucos mÃ¡gicos: descanso, beber agua, desmaquillar, limpiar e hidratar....eso sÃ­, la hidrataciÃ³n que se a con productos de calidad! #biothermlovers"
1862535601232957405,17878503148268907,dasha.sane,"Yo uso agua micelar, crema hidratante y mascarillas de vez en cuando #BiothermLovers"
1862535601232957405,17961733141119849,_crochetseve_,Por las maÃ±anas lavado solo con agua y luego hidratante y por las noches agua micelar. Bastante bÃ¡sica #BiothermLovers
1862535601232957405,17878578994269232,marytorres0201,"Agua micelar, crema hidratante ! #biothermlovers suerte!!ğŸ’›ğŸ’›"
1862535601232957405,17917306957200622,fatimalopzz,"Lo mejor es hacerse una limpieza en profundidad profesional cada 2/3 meses. Eso ayuda mucho a tener la piel mÃ¡s bonita. Y luego a diario lavarse con agua frÃ­a, tb ayuda! â™¥ #BiothermLovers"
1862535601232957405,17977573909022021,brasy0104,SÃ³lo EspaÃ±ağŸ˜¢ğŸ˜¢ğŸ˜¢
1862535601232957405,17962451329112966,travelling_by_images,"Hola Patry, para la recuperaciÃ³n de mi piel comienzo por lavarme la cara con agua, despuÃ©s (solo por las noches) me limpio la cara con un jabÃ³n limpiador para pieles grasas/ (solo por las maÃ±anas) utilizÃ³ el tÃ³nico facial . A continuaciÃ³n me aplico la crema hidratante."
1862535601232957405,17962245730098647,adasoy84,"Mi rutina todas las maÃ±anas es aplicar un gel natural para limpiar la cara, contorno de ojos de Ã¡loe vera y una crema hidratante natural de camomila. Por la noche hago el mismo proceso sin aplicar la crema hidratante. Una vez a la semana me aplico la arcilla verde. #biothermlovers"
1862535601232957405,17942319655169850,sther.f91,#BiothermLovers cada maÃ±ana agua fria y una buena crema hidratante en el rostro!!
1862535601232957405,17951505571140887,atheneajp,"#biotherlovers por la maÃ±ana y la noche realizo la misma operaciÃ³n.... limpio mi cara con lociÃ³n limpiadora, despues tÃ³nico, antiojeras, seguidamente serum y para terminar crema hidratante"
1862535601232957405,17918215975204661,sunburnstone,"#Biothermlovers guapa! Yo me lavo la cara con agua fresquita y jabÃ³n, me  desmaquillo con agua micelar y luego crema hidratante. No utilizo base de maquillaje normalmente pero si la uso, utilizo alguna de calidad que cuide la piel."
1862535601232957405,17962495837106452,sheilislilili,Mi rutina es gel limpiador para piel grasa y luego una crema para piel grasa
1862535601232957405,17961745834117911,analozano6,Desmaquillar siempre antes de dormir! #BiothermLovers
1862535601232957405,17935852675194583,ilya_ninfanatural,"Por la maÃ±ana y la noche siempre me lavo la cara, luego me pongo crema hidratante, y dos o tres dÃ­as a la semana me pongo aceite de neem. Evito maquillarme, pero si lo uso nunca falta una agua micelar #BiothermLovers"
1862535601232957405,17945499352163258,dimitris.mavro,Wow! Love that shot ğŸ˜ğŸ–¤ğŸ¤˜ğŸ¼
1862535601232957405,17975784880050760,helenzorrilla01,"Hermosa mi entrenadora virtual favorita que me ha sacado cuerrrrpaaa,,besos desde RepÃºblica Dominicana ğŸ”¥ğŸ”¥ğŸ˜ğŸ˜"
1862535601232957405,17948527990183099,msdarkdragon,Yo tengo un proceso en cinco pasos: 1) Lavarme la cara . . . 2) mascarilla peelling . . . 3) mascarilla nutritiva . . . 4) serum . . . 5) crema hidratante . . .  #biothermlovers
1862535601232957405,17949258115179446,iriaperezv,#biothermLovers  mi truco es siempre lavarme bien la cara y usar agua micelar.
1862535601232957405,17962485850114536,angegoro78,"#biothermlovers , mi rutina es una buena limpieza despuÃ©s de desmaquillar la piel por la noche y por la maÃ±ana limpiar la piel y una buena hidrataciÃ³n , ayudando con una buena alimentaciÃ³n, lo noto muchÃ­simo en la piel . ğŸ˜˜"
1862535601232957405,17949251173178869,noelia_sarasa,La mÃ­a es limpieza con agua micelar y luego crema hidratanteğŸ˜˜
1862535601232957405,17952303682135650,olivia4662,ğŸ’–
1862535601232957405,17962844557099383,elehojamovidaporelviento,"Limpiar la cara con jabÃ³n natural por la maÃ±ana, aplico serum y crema hidratante. Antes de dormir me desmaquillo con agua miscelar, me vuelvo a lavar la cara con jabÃ³n natural y aplicÃ³ crema de noche con vitamina E, contorno de ojos y de labios."
1862535601232957405,17978329303020905,rodriguezpinelo,"Me limpio siempre la cara con agua micelar, noche y dÃ­a, y mis cremas, me encanta Biotherm y algunas veces me compro algo#BiothermLoversğŸ‘"
1862535601232957405,17976443767036481,anllelinalc,#biothermlovers lo que yo hago para recuperar mi piel es lavarme con espuma y luego lavarme la cara con tÃ³nico y dejar secar y a dormir
1862535601232957405,17972236210069070,_sarablancoo,"Lavar bien mi cara, exfoliarla e hidratarla. Todo antes de ir a dormir. Por la maÃ±ana la lavo e hidrato otra vez ğŸ’–ğŸ’– #biothermlovers herl"
1862535601232957405,17977479934045612,nolipslidia,"Lo mejor que he hecho nunca es seguir la rutina coreana de cuidado de la piel en 12 pasos, mi piel ha cambiado!!! #biothermlovers"
1862535601232957405,17976612280057588,pilar.glezbarredanaranjo,Rutina antes de salir de casa es lavarme la cara y aplicar hidratante + maquillaje. Al llegar a casa limpiar con agua micelar #BiothermLovers
1862535601232957405,17899904485244563,reitx_drp1,Mi rutina por la maÃ±ana es lavarme muy bien la cara y refrescarla con agua micelar. Por la noche me desmaquillo y realizo 3 pasos: lavarme la cara y aplicar un gel limpiador.DespuÃ©s hidratarla con agua micelar y finalmente una crema para purificar mi piel. ğŸ¤—ğŸ’™ #BiothermLovers
1862535601232957405,17947673113145968,laurita1395,"Mi rutina de recuperaciÃ³n de la piel es limpiar la cara con un jabÃ³n en formato espuma tanto en la maÃ±ana como en la noche. Por la maÃ±ana la hidrato y la protego del sol, por la noche intercalo una crema hidratante para las rojeces con otra para prevenir los puntos negros. TambiÃ©n me exfolio la cara una o dos veces a la semana con un exfoliante suave. Para desmaquillar siempre agua micelar #BiothermLovers."
1862535601232957405,17976733753018938,isco_arej,MÃ¡s bonita que es esa mujer linda ğŸ˜Š
1862535601232957405,17903240644243075,salidoanita,ğŸ™Œ
1862535601232957405,17960352121126929,escamillator,Por cierto. Gracias por el concurso y sales preciosa en la foto. Me encantÃ³ verte bailando en la tele. Enhorabuena por tu participaciÃ³n
1862535601232957405,17914436233221287,escamillator,"Me encanta biotherm. Cuando estoy muy cansada y me da pereza lavarme la cara y echarme cremas antes de dormir, aunque sea me paso un algodÃ³n con el tÃ³nico de biotherm y duermo sin remordimientos de no lavarme jajaja. Mientras mÃ¡s mugre en algodÃ³n mejor jajaja"
1862535601232957405,17976729847011642,ode_arlet,Que guapa estÃ¡s siempre
1862535601232957405,17955966493080013,monica_raluy,#BiothermLovers desmaquillar+higiena+hidratacion! Y agua bien fria por las maÃ±anas! â¤ï¸â¤ï¸â¤ï¸
1862535601232957405,17979740380062104,larubiarodriguez27,Yoo
1862535601232957405,17942132032170394,irenerodrigz_,"#BiothermLovers me encanta hacer una rutina tanto por las maÃ±anas y por las noches, cada dÃ­a alterno productos para mantener una piel perfecta â˜ºï¸"
1862535601232957405,17963203120102586,aroha_herrero,"Mi rutina de maÃ±ana es lavarme la cara con  un jabÃ³n suave, tÃ³nico, y aplico contorno de ojos y crema.  Por la noche, desmaquillo con agua micelar, despuÃ©s me lavo la cara con jabÃ³n, tÃ³nico y crema y contorno de ojos especifico de noche. Una vez a la semana exfolio la piel por la noche. #BiothermLovers"
1862535601232957405,17972231569071299,patriciamartinezandrada,"Mi rutina para intentar tener una piel mÃ¡s cuidada primero desmaquillar, despuÃ©s limpiar bien la piel con un cepillo de silicona de hecho ahora estoy usando un jabÃ³n de biotherm que especial antipolucion y la verdad va genial y despuÃ©s hidratarla, aunque con cuidado porque la tengo un poco grasa. #BiothermLovers"
1862535601232957405,17962581382110659,raisaalvarez90,#BiothermLovers Mi truco para recuperar mi piel despuÃ©s de una dura semana es tarde de relax con mascarilla hidratante tras una exfoliacion! ğŸ˜
1862535601232957405,17962782817118825,cherry_ypct,#BiothermLovers exfoliante + hidratante = ğŸ’•
1862535601232957405,17979289192034471,almum92,Mi rutina es desmaquillarme todos los dÃ­as por la maÃ±ana y por la noche y despuÃ©s aplicarme mi crema hidratante #BiothermLovers
1862535601232957405,17886836824260660,cherrytris,Mi rutina consiste en desmaquillarme con un producto especÃ­fico para ello con pequeÃ±os grÃ¡nulos para hacer una suave exfoliaciÃ³n cada dÃ­a y acabar de limpiar mi piel con agua micelar. DespuÃ©s usar contorno de ojos y mi hidratante. Una vez por semana realizo una exfoliaciÃ³n en profundidad sobretodo en la zona Y y acto seguido aplico una mascarilla.
1862535601232957405,17885805370257397,brendaa_5900,"Mi rutina es levantarme y lavarme la cara con el gel limpiador L'OrÃ©al ,ponerme el tÃ³nico de la misma marca y finalmente la crema hidratante de Ã¡loe verÃ¡ completamente natural #BiothermLovers"
1862535601232957405,17951065612184637,letihr,"Lavo todos los dÃ­as por la maÃ±ana y por la noche con un producto de miel grasa, luego echo mi crema hidratante, y el protector solar. #Biotermloves"
1862535601232957405,17956289674095590,alguien_da_mas,"Mi rutina es una buena limpieza antes de dormir y una buena hidratante de Biotherm, con ello consigo que mi piel, pese al estrÃ©s, este radiante y no pierda luminosidad #BiothermLovers"
1862535601232957405,17977778458005636,laugavilan_c.s,Una vez a la semana hiervo una olla con agua y plantas aromÃ¡ticas me pongo con una toalla dentro y espero hasta que mis poros se han abierto despuÃ©s paso un tÃ³nico facial ğŸ˜˜ğŸ˜˜#BiothermLovers
1862535601232957405,17855401927285888,porloscerrosdeubeda,"#BiothermLovers me hago un serum con a aloe puro, glicerina, vitamina C y agua de rosas. Mi piel vuelve a tener color saludable!!ğŸ˜„"
1862535601232957405,17859801748303295,cati1924,"Mi truco es hacer doble limpieza para una piel radiante y mucha hidrataciÃ³n. Un plus?? Mascarillas hidratantes que las dejo actuar toda la noche.
Por supuesto jamas salgo sin protecciÃ³n solar. #biothermlovers"
1862535601232957405,17942308501170986,rosacb_29,"Limpiexa de cara cada dia, exfoliante y alguna mascarilla #biothermlovers"
1862535601232957405,17914508671222560,taniasfche82,Por la maÃ±ana y por la noche cuando llego de andar me lavo bien la cara despuÃ©s de la ducha  con jabÃ³n limpiador de cara. Y luego la hidrato con crema. #biothermslovers
1862535601232957405,17904070711239243,cnonbarfer,"Mi rutina es lavar muy bien la cara tanto por la maÃ±ana como por la noche, hidratarla, alguna mascarilla de vez en cuando y tambiÃ©n exfoliarla. Por supuesto antes de todo esto desmaquillarla con agua micelar.#BiothermLovers â¤ï¸â¤ï¸â¤ï¸"
1862535601232957405,17976974320005272,sarahealthylife._,"#biothermlovers  lo que yo hago es por ejemplo para la cara, desmaquillarla primero con un desmaquillante con aceite. DespuÃ©s, usar un limpiador facial de manzanilla para finalmente lavar bien la cara y echar crema hidratante. Para el cuerpo,un vez a la semana lo exfolio y cada dÃ­a echar crema hidratante ğŸ˜ŠğŸ˜Š"
1862535601232957405,17974140061070444,albittta_rg,HidrataciÃ³n diaria con serum y crema de dÃ­a!! #biothermlovers
1862535601232957405,17973865612064477,marta76p,"#BiothermLovers una buena limpieza facial y hidrataciÃ³n no puede faltar, tanto diaria como semanal ğŸ˜˜"
1862535601232957405,17982501271004970,belenflori30,"Mi rutina consiste en todas las noches lavarme la cara con un jabÃ³n especÃ­fico y dos veces por semana me exfolio la piel; despuÃ©s aplico mi crema hidratante. AdemÃ¡s, me gusta utilizar alguna mascarilla una vez por semana #biothermlovers"
1862535601232957405,17964905992108364,lanabimba,#BiotherLovers mantener mi rostro limpio e hidratado y beber muuuuucha aguitağŸ˜‰
1862535601232957405,17886133942257899,ana_mm94,"#BiothermLovers no puede faltar una buena limpieza diaria, una buena hidratacion y una exfolacion semanal!"
1862535601232957405,17975681062040184,cutestcatitw,Siempre uso cremas hidratantes para regenerar mi piel #BiothermLovers
1862535601232957405,17948255908144024,enri_mmx,Masajeando la piel con jabÃ³n para los granitos y luego una base de maquillaje regeneradora#BiothermLovers
1862535601232957405,17977709671028627,chaimaelmourabit,#BiothermLovers mi rutina es lavar mi cara todas las noches antes de dormir con agua micelar y ponerme mi crema hidratante y hacerme una limpieza facial una vez a la semana. ğŸ˜™
1862535601232957405,17955548365090811,saararguez_,Guapaaaâ¤
1862535601232957405,17867037877300410,katherine_asuaga,Hermosa
1298037684598282420,17858429101082254,unicpaulisss05,guapa me encantas tu tu novio y tus videos eres mi youtuber favoritta si me contestases me aria mucha ilusion geacuas por  todo preciosa
1298037684598282420,17857008496090336,sttra_hudita_huda_2,Seguidme y os seguire
1298037684598282420,17869370506022107,sttra_hudita_huda_2,Seguidme y os seguire
1298037684598282420,17855761909093281,hra.ha34,ğŸ’
1298037684598282420,17856106357098636,sttra_huda,Sigueme y te sigi
1298037684598282420,17852541040113536,safestalk_es,Se te ha escapado algÃºn like alguna vez? Evita que pase de nuevo con safestalk
1298037684598282420,17851621297113536,heyitsfhany,"HOLAğŸ’• Estoy empezando a subir covers. El link del primer vÃ­deo estÃ¡ en mi descripciÃ³n/bio por si gustan verlo y ayudarme a difundirlo, espero que sea de su agradoâœ¨ Â¡que tengan una linda noche!"
1298037684598282420,17850844111113536,sofiachittadini,Visita nuestra tienda de joyas hechas a mano... te encantarÃ¡ ğŸ’ğŸ’˜
1298037684598282420,17850824734113536,melissa_liceaga,HolA tÃ­a ğŸ˜‚ğŸ˜‚ğŸ˜‚ğŸ˜‚
1298037684598282420,17850629092113536,adrimarcos_,GuapÃ­sima ğŸ’•
1298037684598282420,17850627982113536,criss.carretero,Haz un directo corto en instagram @patryjordan
1298037684598282420,17850573607113536,caarlaa.05___,#patryjordanesponde quando aras mÃ¡s vÃ­deos de uÃ±as? Gracias y un saludo desde Barcelona ğŸ˜˜ğŸ˜˜
1298037684598282420,17850374875113536,_suumaan_,#patryjordanresponde Si tengo la piel morena semi-oscura que esmalte me quedaria bien?
1298037684598282420,17850279322113536,cueeentaaaabooorraaadaa,Me encantas Patry eres la mejor y guapÃ­sima sigue asi ğŸ˜ğŸ˜
1298037684598282420,17850278851113536,adrigxmez,Has salido el la tv!!
1298037684598282420,17850275320113536,nicole_gonzaleez,"Holaa, te admiro por tu trabajo, podrÃ­as hacerme un favor y mandar un saludo a la alianza 4Â°A del Sagrado CorazÃ³n de JesÃºs por sus 67 aÃ±os de Aniversarioâ˜ºğŸ˜ŠğŸ˜€ğŸ˜ saludooos @patryjordan"
1298037684598282420,17849914936113536,strelitziacosmetics,Patry vosotros trabajais mucho con el ordenador. TenÃ©is algÃºn truco para no cansar la vista??? #patryjordanresponde Graciiiiias saludos desde Granada
1298037684598282420,17849901430113536,las_nalgas_de_jikook,Guuaaapa
1298037684598282420,17849824684113536,irasantxetos,GUAPAAAAAAAAAAAA
1298037684598282420,17849821528113536,liliaxosta,Saliste en el programa hoy
1298037684598282420,17849667658113536,sabrinabl28,Q estaba grabando una pelo o eL q?
1298037684598282420,17849606659113536,dreynosos,Saludos de Bolivia
1298037684598282420,17849586919113536,yorlin.chacon.e,@patryjordan  Hola patry cuando estÃ¡s por costa rica? Es solo visita o vas a estar presentandote en algÃºn sitio?
1298037684598282420,17849570428113536,amandisvelez,la estimo mucho
1298037684598282420,17849555245113536,xxalbagomez,Que guapa que eres ğŸ˜‰
1298037684598282420,17849553025113536,elenushis,Guapa Patry ğŸ˜ğŸ˜
1298037684598282420,17849546092113536,grecia.anayasanchez,Waoo como siempre muy linda Patry â˜ºï¸
1298037684598282420,17849543260113536,zarhuka,"Guapa , guapa !!"
1298037684598282420,17849543125113536,paulina_romero_,GuapÃ­sima <3
1298037684598282420,17849542867113536,carlesgali,"Faltan los,flotadores ğŸ˜†ğŸ˜†ğŸ˜†"
1298037684598282420,17849542309113536,jenndector,Saludos :D â™¡
1298037684598282420,17849540239113536,liajordi,Que guaaaaaaayğŸ˜ğŸ˜
1298037684598282420,17849539420113536,pauolvera18,â¤
1298037684598282420,17849539171113536,lucero_aylen,Hermosa @patryjordan
1298037684598282420,17849539006113536,aliciabalboaa,@patryjordan te has cortado el pelo patry
1298037684598282420,17849538781113536,karlytorresc,GUAPA!! @secretosdechicas
1298037684598282420,17849538226113536,patriciavargasni,@noe28limablue si esta sola.
1298037684598282420,17849538154113536,karinaquezadasotillo,que hermosa eres paty
1298037684598282420,17849537986113536,noelimablue,oohh que bienn hasta cuando estais por aqui?? Me gustaria veros o verte si estas tu sola ^^
1298037684598282420,17849537905113536,madyftorres,Sgxsg
1298037684598282420,17849537884113536,malenacalejo,GuapisimaağŸ˜ğŸ˜â¤
1298037684598282420,17849537875113536,al.eur,BellÃ­sima
1298037684598282420,17849537872113536,carlota.galceran,PivonağŸ˜ğŸ˜ğŸ˜ğŸ˜ğŸ˜˜ğŸ˜˜
1298037684598282420,17849537863113536,gjazs,Guapaa..... Saludos desde MÃ©xicoğŸ˜˜
1298037684598282420,17849537827113536,karen._.ocon,Guapa ğŸ˜˜
1258086606208585005,17872850197173707,suloro77,"Patri, de donde es el abrigo q llevas?"
1258086606208585005,17843926141143229,amanda_rojs,gran outfit
1258086606208585005,17852679466108178,la.chica.de.frases,linda
1258086606208585005,17850582694108178,rolyake,@vsgiirlss  hace concurso
1258086606208585005,17849780269108178,andreaaazara,Me encantan todos tus consejos y tutoriales de youtube!!! :-)
1258086606208585005,17848219840108178,eloisa2685,Hola @patryjordan me he visto todos los videovlog de navidad y otros mas y me encanta la pareja que hacen Carlitos y Tu son perfectos... ğŸ˜˜ğŸ˜˜ğŸ˜˜ en unos dias empezarÃ© con gym virtual ahora no podre que me sacaran los 4 cordales y hasta que me recupere de eso y dolores en la cintura....
1258086606208585005,17847993109108178,rebeca.m9,De donde es el abrigoo???
1258086606208585005,17847931216108178,aalbaperez,Hola me encantan tus vÃ­deos y hoy me he comprado tu libro de secretos de chicas aÃºn soy una niÃ±a pero de mayor me gustarÃ­a tener un pelo como el tuyo y ser tan guapa como tu
1258086606208585005,17847865900108178,mariacampospiernas,@patryjordan yo ansiosa de hacer un viaje perecido por lo que se ve os lo habeis pasado muy bien y me alegro un monton sigue asi y mejorate de la piernağŸ’ªğŸ»ğŸ’ªğŸ» #yopuedocontodo
1258086606208585005,17847855553108178,carolinatamayomesa,@patryjordan gracias x tu respuesta no me importa que no sea de marca pero que pena que no puedo comprarla x Internet.  Gracias guapa x
1258086606208585005,17847855385108178,secretosdechicas,@untoquedecolor  AsÃ­ me gusta! Besos ğŸ˜‰
1258086606208585005,17847855373108178,secretosdechicas,@morenocarmela Gracias por tus palabras! Un beso grande! ğŸ˜‰
1258086606208585005,17847855310108178,secretosdechicas,@carolinatamayomesa Es de una tienda pequeÃ±ita de por aquÃ­ no es de marca! ğŸ˜‰
1258086606208585005,17847855301108178,secretosdechicas,@chispin85 jjje podrÃ­a pero no!! ğŸ˜‰
1258086606208585005,17847855283108178,secretosdechicas,@dana_gomez12 Me alegro que te gustarÃ¡! ğŸ˜‰
1258086606208585005,17847855259108178,secretosdechicas,@claudi_gucci jjje..gracias ğŸ˜˜
1258086606208585005,17847855247108178,secretosdechicas,@zotingui Gracias por vuestro apoyo!ğŸ˜‰
1258086606208585005,17847855244108178,secretosdechicas,@jysushector jjjje!! ğŸ˜‰
1258086606208585005,17847852046108178,morenocarmela,"Desde luego que lo he visto.....sois una pareja increÃ­ble... jÃ³venes pero centrados, guapos, limpios, trabajadores.....normales!!!!!"
1258086606208585005,17847851824108178,crissy173,Me ha encantado el video !! ğŸ˜šğŸ˜šğŸ˜šğŸ˜š
1258086606208585005,17847848917108178,cartiarria,Muy bueno el video patry.
1258086606208585005,17847844561108178,montsegabrielle,Precioso outfit
1258086606208585005,17847843316108178,mayanicol22,Muy buen video por cierto
1258086606208585005,17847842902108178,mag_97villalbaguilar,Esta genial el video como siempreğŸ˜†ğŸ˜Saludos desde ParaguayğŸ˜‰
1258086606208585005,17847841474108178,carolinatamayomesa,En donde puedo comprar ese abrigo es lindisimo. Besos patry.
1258086606208585005,17847841282108178,wendycr_2003,â¤â¤â¤
1258086606208585005,17847841279108178,wendycr_2003,Saludos desde PerÃº
1258086606208585005,17847838393108178,giceperz7,Hermosos @patryjordan lo mejor es el maniqui @carlesgali saludos besos
1258086606208585005,17847838135108178,brenpachlz,Eres la mÃ¡s hermosa @patryjordan ğŸ’ Saludos desde MÃ©xico ğŸ’ğŸ˜˜
1258086606208585005,17847838117108178,lorenagonzgom,EstÃ¡ sÃºper el video! âœ¨âœ¨
1258086606208585005,17847837844108178,patri_cia96,HacÃ©is una preciosa pareja me he emocionado!ğŸ˜ğŸ˜˜
1258086606208585005,17847837607108178,dana_gomez12,Super chulo!!!! Hahahaha que risa con Carlos ğŸ˜‚ saludos desde RepÃºblica Dominicana @patryjordan
1258086606208585005,17847837586108178,karlytorresc,"Eres la mÃ¡s guapa @patryjordan, eres la mejor y eres mi ejemplo a seguir."
1258086606208585005,17847837298108178,patricia.bs,Si!! sois de lo bueno lo mejor y de lo mejor lo superior ğŸ‘ŒğŸ¼bonne soir ğŸ˜‰
1258086606208585005,17847837139108178,untoquedecolor,"EstÃ¡ noche lo veo!! Estoy enganchada a vuestras aventuras parisinas, y de paso cojo ideas de lugares a los que ir ğŸ˜„ğŸ˜„"
1258086606208585005,17847837130108178,andreamallencoo,Que guapaa ğŸ˜
1258086606208585005,17847836995108178,zotingui,"Lindosssss, disfruten y graxxxxx x incluirnos en su viaje!!!!"
1258086606208585005,17847836989108178,hecyelina,Bello fondo! Las fotos les quedan increÃ­bles
1258086606208585005,17847836947108178,jysushector,Cuando se toman ese tipo de fotos tu y carlitos me da miedo que pase un carro
1255307177698872541,17874540937042901,juannrios11,que no eres hermana de @laurenjaregui ?? ğŸ˜ğŸ˜ğŸ˜ğŸ˜ğŸ˜
1255307177698872541,17858732239081000,batres99,Me encanta todo
1255307177698872541,17845585420185814,hra.ha34,â¤âœŒâ¤
1255307177698872541,17844960574193407,candelalima182,Que bonito todo
1255307177698872541,17864449807035394,thxalonso,Eres sencillamente preciosa
1255307177698872541,17864021707035394,mariat_cano,Uep na patry @rosallalorda
1255307177698872541,17863778308035394,guadi_mb,Ma encanta tu canal!!!!
1255307177698872541,17863461952035394,rafaelrusydi,can u speak english
1255307177698872541,17863361551035394,guudjob,Â¿PorquÃ© no te creas un perfil en guudjob? Nos encantarÃ­a poder tener una profesional como tu en la app para que la gente reconociera el buen trabajo que haces ayudando y enseÃ±ando a chicas a peinarse!!! pruebalo!
1255307177698872541,17863081378035394,nahomiirmz,@laurenjauregui
1255307177698872541,17860656865035394,aliciabalboaa,@patryjordan holi
1255307177698872541,17859016186035394,bpb63,A tope
1255307177698872541,17858757883035394,andyhola,"Hermosa Patry,soy tu fanğŸ˜‰!!!"
1255307177698872541,17858531440035394,aquasolarchile,"Que linda Patry!! Chicas, spirulina y chlorella 100% orgÃ¡nicas. Saludos desde Chile!"
1255307177698872541,17858350096035394,jocelyn.ra,Linda ğŸ˜Š
1255307177698872541,17858347495035394,_noinstagraaam,Que bonita @patryjordan ğŸ˜‰ğŸ˜„
1255307177698872541,17858346226035394,marieljca,Patry  quÃ© bueno es verte mejor de la pierna.  A tope como siempre.
1255307177698872541,17858343967035394,karlytorresc,Ay que hermosa estas Patry!! @patryjordan  eres muy linda y no necesitas de tanto maquillaje asÃ­ eres linda.
1255307177698872541,17858343823035394,_sonia_gm_,QuÃ© bien!! MaÃ±ana os veo!! ğŸ‘»
1255307177698872541,17858343601035394,giceperz7,Saludos @patryjordan y esperando el vlog besos @carlesgali #missi
1255307177698872541,17858343004035394,valecgv,Conoces la espirulina?? QuÃ© piensas sobre ella? Es un alga @patryjordan
1255307177698872541,17858342785035394,jaquy_g,ğŸ’œğŸ˜Š
1255307177698872541,17858342767035394,jaquy_g,Que bonitos ojos
1255307177698872541,17858342101035394,queraalt99,Patry pots fer un altre video de life hacks? Es que mencanta aquest tipus de videos
1255307177698872541,17858342077035394,secretosdechicasfans,ğŸ’ğŸ’ğŸ’
1255307177698872541,17858341966035394,miriqui74,"Guay ..., muchas gracias Patry ! , espero q tu lesiÃ³n ya vaya mucho mejor @patryjordan ğŸ˜˜ğŸ˜˜ q descanseis pareja !!"
1255307177698872541,17858341906035394,nataliabv97,GuapÃ­sima Patry!!!!! @patryjordan
1255307177698872541,17858341834035394,vasstnuvo,"Super, Guapa..."
1255307177698872541,17858341780035394,_yetsyc,Saludos desde venezuela @patryjordan
1255307177698872541,17858341768035394,andreamallencoo,Guapaaaa! @patryjordan
1255307177698872541,17858341732035394,adelasaantos,Patry me encantais !!!!!
1255307177698872541,17858341690035394,karrylozano92,Patryyy saludos os queremos <3
1255307177698872541,17858341579035394,martavaldivia14,ğŸ˜˜ğŸ˜ğŸ˜ğŸ˜ğŸ˜
1255307177698872541,17858341576035394,martavaldivia14,Te adoro
1255307177698872541,17858341573035394,martavaldivia14,Guapa
1255307177698872541,17858341564035394,kfdj32,BellaaaaağŸ˜
1255307177698872541,17858341555035394,laauuu_m,GuapağŸ˜
1253654082686373378,17850618409226618,sewing_caron,God
1253654082686373378,17849612011182687,manubregliano,Bellezor
1253654082686373378,17846568121179564,sttra_hudita_huda_2,Seguidme y os seguire
1253654082686373378,17846526331189290,sttra_hudita_huda_2,Seguidme y os seguire
1253654082686373378,17864506183008271,vivi_moya_v,Que bello vestido! Patry de ve como una princesa!
1253654082686373378,17864265952008271,nocciolacosmetics,Wow wow wow
1253654082686373378,17860070467008271,anashinh,"Te veÃ­as hermosa patry, se veÃ­an muy bien nos dos. Guapos."
1253654082686373378,17859986587008271,rociosalhi1064,Guapa me encantas
1253654082686373378,17859724738008271,blackheart1401,"Lindo vestido, aunque me habrÃ­a gustado verte con el otro"
1253654082686373378,17859651442008271,munsetagr,De donde es l vestido?!
1253654082686373378,17859488287008271,laurasantmi_,ğŸ˜‡
1253654082686373378,17859488275008271,laurasantmi_,Estas guapissima ets molt guapa @patryjordan
1253654082686373378,17859388798008271,jorqueralorenacecilia,Hola patri
1253654082686373378,17859388732008271,jorqueralorenacecilia,Hola patrimonio estoy intentando enviarte todo mis cambios fÃ­sicos a gyimvirtual y no se si los has visto espero que si
1253654082686373378,17859068917008271,shania_kk,Q guapa?!
1253654082686373378,17858230627008271,myfantrac,Precioso!
1253654082686373378,17858079940008271,bpb63,Guapa
1253654082686373378,17857685200008271,anacharit,Herrmosaa
1253654082686373378,17857387279008271,moldemotions,Que lindo te quedÃ³ el vestidoğŸ˜ŠğŸ’•
1253654082686373378,17857355758008271,ypc_annie87_,Hermosa ğŸ˜
1253654082686373378,17857352689008271,happy13_,ğŸ‘
1253654082686373378,17857351012008271,sadii_.x,Q guapa q eres @patryjordan
1253654082686373378,17857349722008271,cmakeup_1,Guapa @secretosdechicas
1253654082686373378,17857348951008271,yanety_trr,Estas divinağŸ˜‰
1253654082686373378,17857347712008271,elinosbe,Te pareces a Jennifer Connelly. Le das un aire... @patryjordan âœŒğŸ»ï¸ğŸ˜ƒ
1253654082686373378,17857346959008271,rande_n1,Hermosa!!!
1253654082686373378,17857346656008271,johannitatwerk,te queda precioso ese vestido y el color tambien!! ğŸ˜„
1253654082686373378,17857345573008271,alehandra_lom,"Obvio tu estas hermosa, @patryjordan !!"
1253654082686373378,17857345546008271,alehandra_lom,Me encanta el vestido!!
1253654082686373378,17857345132008271,rous_mery83,EstÃ¡s guapÃ­sima!
1253654082686373378,17857344475008271,camgoy20,Guapa!  @patryjordan
1253654082686373378,17857344367008271,karlytorresc,Te ves hermosa Patry!!ğŸ™ˆâ¤ğŸ‘Œ @patryjordan
1253654082686373378,17857344211008271,lewan2ki,Tan linda vas a ser?
1253654082686373378,17857344181008271,fatima_yhv,Bonitaâ¤â¤
1253654082686373378,17857344085008271,_thu_loka_17,K guapa dios de mayor quiero ser como tu !! @patryjordan
1253654082686373378,17857344082008271,mrs_uribeg,Que bella ğŸ˜˜
1253654082686373378,17857344067008271,_thu_loka_17,@patryjordan
1253654082686373378,17857344064008271,_thu_loka_17,Guapaaaaaaaaaa
1250947188918144990,17856467371008560,jessvazsos.1234,Me da gusto que ya regresaste.
1250947188918144990,17856401194008560,eli_martinmartin,Me alegro que hayÃ¡is tomado  estos dÃ­as de descanso tan merecidos @carlesgali @patryjordan
1250947188918144990,17856395161008560,evelincastillosaenz,:)))
1250947188918144990,17856391120008560,crazybooks28,ğŸ˜˜ğŸ˜˜ Lo importante que habÃ©is desconectado de todoâ¤
1250947188918144990,17856390703008560,gloriatz,Buen viaje
1250947188918144990,17856390196008560,erika_oltra,Buen viaje!
1250947188918144990,17856389638008560,juliaseeco,Las fotos de instagram las sacas con el mÃ³vil o con la cÃ¡mara y las subes desde el ordenador? PD: me encantan ğŸ˜»
1250947188918144990,17856389590008560,xeitonas,ğŸ˜Š un beso!! Que le sea leve a Carlitos el vuelo ğŸ˜…
1250947188918144990,17856389536008560,_joseportoles,"Preciosa, esperÃ³ que haya salido todo genial!!"
1250947188918144990,17856389425008560,looreenaaaa_,PatryyğŸ˜
1250611310630882374,17854323460082060,_.eal333._,Que guapa eres @secretosdechicas
1250611310630882374,17857583716062457,myfantrac,Guapa!
1250611310630882374,17856519580062457,karliyta,Pero parece usted una modelo
1250611310630882374,17856512983062457,aliciabalboaa,â¤ï¸ğŸ’š
1250611310630882374,17856500554062457,jorqueralorenacecilia,Hola como estas
1250611310630882374,17856499210062457,vicsaryestrada_11,Pero que guapa Patry ğŸ˜ŠğŸ˜
1250611310630882374,17856495499062457,anasoliis_,Disfrutarlo!
1250611310630882374,17856495259062457,marsalurio,Aprovechalo Patry
1250611310630882374,17856495217062457,gaabriii___,Eres mi mÃ¡s bonita casualidad
1250611310630882374,17856495214062457,gaabriii___,Disfruta princesa
1250611310630882374,17856494536062457,yadiraeg2011,Linda Patry!
1250611310630882374,17856494443062457,looreenaaaa_,ğŸ˜ğŸ˜ğŸ˜ğŸ˜˜ğŸ˜˜
1250082104616504630,17848742827491006,robert_olympic,ğŸ˜œâ¤ï¸ğŸ“ğŸ‡ºğŸ‡¸ğŸ—½
1250082104616504630,17895301801113961,geidynoa,Chulisimos!!como d costumbre claro
1250082104616504630,17847966391168659,sambritany2,jajajjajana que comica te ves
1250082104616504630,17864137429040496,naddasm,Que guay
1250082104616504630,17858736625040496,bpb63,Vaya  vaya
1250082104616504630,17858464204040496,emilytb18,@patryjordan #patryjordanresponde
1250082104616504630,17858464201040496,emilytb18,@patryjordan Cual es tu SnapChat?? ğŸ‘»ğŸ‘»
1250082104616504630,17858286466040496,violetamsanchez,ğŸ’–ğŸ’–ğŸ’–ğŸ’–ğŸ’–ğŸ’–
1250082104616504630,17858286463040496,violetamsanchez,Guaaapppoooosss
1250082104616504630,17857898065040496,mvrtinaileen,Me alegro mucho por su viaje
1250082104616504630,17857864966040496,ymmapas,@patryjordan @carlesgali par de loquitos son verdaderamente encantadores ;)
1250082104616504630,17857858219040496,vnpo06,"Que lindos, son muy muy bellos, les deseo lo mejorğŸ‚ğŸ‚ Gracias por compartir tanto con nosotrosğŸŒ¹â™¥ @patryjordan @carlesgali"
1250082104616504630,17857856851040496,m_msolis,Ohh ok es igual pensÃ© que era diferente ... Muchas gracias nena @lorenagonzgom ğŸ˜‰
1250082104616504630,17857856365040496,lorenagonzgom,@m_msolis es : patryjordan ğŸ˜‰
1250082104616504630,17857855849040496,m_msolis,Cual es el snap de Patry ?  Alguien que me diga please
1250082104616504630,17857855108040496,ireneecrespo_,Party te sienta genial el estampado de perro
1250082104616504630,17857854610040496,_noinstagraaam,LindurasğŸ˜ğŸ˜ saludos desde Mexico @patryjordan @carlesgali
1250082104616504630,17857854547040496,karlytorresc,Que hermosa pareja!!â¤ son los mejores Patry e Carlitos. ğŸ™ˆ
1250082104616504630,17857854496040496,hana_fontes,Pasenla mega genial! Q linda oportunidad son lo maximo!!+ ğŸ˜€ğŸ˜€ğŸ˜€
1250082104616504630,17857854442040496,deanalisbeth,Que bellaaaağŸŒˆğŸ˜»
1250082104616504630,17857854391040496,laauuu_m,M encantaissğŸ˜ğŸ˜ğŸ˜
1250082104616504630,17857854379040496,clau.esca,Me encantan ğŸ˜ bonita pareja
1250082104616504630,17857854307040496,sabiina.perez,Guapos!
1244411126032977718,17855683675087615,nomellames.09,OMG ğŸ˜± te pareces mucho a @chechrodriguez
1244411126032977718,17854999168091378,tadi_11.24,Acabo de.ver sobre los aceites para el cabello mi cabello s graso se ara mas graso sera qlo puedo aplicar mi cabello s muy ralito fino pokisiko cabello lo aplico eb tida la cabeza oq ayudam xfis @secretosdechicas
1244411126032977718,17867463985035636,usue_85,Te pareces un montÃ³ a Jennifer conelli ğŸ˜±ğŸ˜±ğŸ˜±ğŸ˜±
1244411126032977718,17861970172057215,alineedp,Esos ojazos ğŸ˜œğŸ˜Š
1244411126032977718,17859502339057215,dreynosos,Me enamore
1244411126032977718,17858124529057215,bpb63,EnergÃ­a
1244411126032977718,17857333570057215,mvrtinaileen,@patryjordan  te quiero... Siguemeee ee!!!!!!
1244411126032977718,17857273897057215,marlenneromano,Que hermosa Patry
1244411126032977718,17857250752057215,ainhoaschwirtz,Hola saludos patri
1244411126032977718,17857048357057215,rubi_dance,Saludos desde Tehuacan Puebla patry :3 ğŸ˜˜ğŸ˜˜
1244411126032977718,17857023796057215,misscouk,Como sigues cielo????? #secretosdechicas  #patrijordan
1244411126032977718,17857020472057215,lalolaartel,Saludos desde chile!!!!
1244411126032977718,17857017658057215,angelesdliz,Patry espero q estes ya mejor y q pronto te recuperes sinceramente no se q te paso... pero de todos modos te deseo q estes ya mejor
1244411126032977718,17857017037057215,lizbethlna,"Ola patry espero que estes muy bien, y te recuperes prontito. Saludos"
1244411126032977718,17857008157057215,cristinasirventm,Compartenos tus listas en spotify!! @patryjordan
1244411126032977718,17857002301057215,danalopezb,"Eres sÃºper hermosa, simpÃ¡tica, sencilla y talentosa!! Todos los dÃ­as hago tus rutinas!!"
1244411126032977718,17857001908057215,chelycaselliz,"me encantas tus rutinas, ya tengo dos meses entrenando contigo y de verdad que los resultados son estupendos. saludos desde venezuela"
1244411126032977718,17857001599057215,maryveralove252,Yo tb!! ğŸ˜‚ğŸ˜‚ğŸ˜‚ğŸ˜ŠâœŒ
1244411126032977718,17857001353057215,___.frasesbonitas.___,ğŸ˜ğŸ˜ğŸ˜
1244411126032977718,17857001350057215,___.frasesbonitas.___,Guapaaaa
1244411126032977718,17857000708057215,griseldaescalada,"Besos Patry pronta recupercion, saludo a Carlos. me encantan la onda de sus videosğŸ˜˜ğŸ˜˜ğŸ˜˜ğŸ˜˜"
1244411126032977718,17857000573057215,andresarroyost,ğŸ˜ğŸ˜ğŸ‘ŒğŸ‘Œ
1244411126032977718,17856999703057215,mxc.kx,Jajaja no te preocupes no sos la Ãºnica!!ğŸ˜˜ğŸ˜˜ğŸ˜besitos desde argentina
1244411126032977718,17856998470057215,kika02219,#patrijordan. Hola espero que ya estes mucho mejor cuidate mucho tr queremos mucho. Saludos desde Mrxico
1244411126032977718,17856998245057215,keybenitez_,Basta que bella!
1244411126032977718,17856998185057215,fj2413,Guapa como siempre Patry saludos desde MÃ©xico ğŸ˜Š
1244411126032977718,17856998098057215,agrazalm,"hola, me podÃ­as, contestar algo por favor, porque dicen que los batidos son para adelgazar, pienso yo que no es asÃ­, una vez me dijeron si se toma antes de la comida, para no comer nada"
1244411126032977718,17856997552057215,aloalaniso,Por quÃ© eres tan bonita? ğŸ˜±
1244411126032977718,17856997318057215,secretosdechicas,@grisiespana jjje eso es buena seÃ±al! Vamos #YPCT âœŒï¸ ğŸ‘Š âœ‹
1244411126032977718,17856997309057215,secretosdechicas,@tirol52 Tienes toda razÃ³n! Un beso grande
1244411126032977718,17856997285057215,secretosdechicas,@hernesi_ Eso es buena seÃ±al! Ãnimo ğŸ˜‰
1244411126032977718,17856997276057215,secretosdechicas,@annacortes99 Gracias guapa! Besos
1244411126032977718,17856997261057215,secretosdechicas,@patricia.bs Tienes toda la razÃ³n!ğŸ˜‰
1244411126032977718,17856997246057215,secretosdechicas,@sayra9010 Gracias guapa! Un beso
1244411126032977718,17856997210057215,secretosdechicas,@andreamqqq Gracias ğŸ˜˜
1244411126032977718,17856996877057215,sayra9010,Patry me encantan tus videos
1244411126032977718,17856996529057215,patricia.bs,Y quien no!! Alegra los dÃ­as tristes y reconforta en los tristes. Siempre hay un tema para cada momento de nuestras vidas y sus situaciones ğŸ˜Š
1244411126032977718,17856996517057215,jysushector,Jeje la mÃºsica es lo mejor del mundo y eres hermosa patry
1244411126032977718,17856995824057215,j_paty33,ğŸ˜»ğŸ˜»ğŸ’˜
1244411126032977718,17856995785057215,annacortes99,Ets preciosa!!!!
1244411126032977718,17856995779057215,jjjjojhfsscgg,@patryjordan  you're pretty
1244411126032977718,17856995758057215,jacq_tavares_,ğŸ˜ğŸŒ¸
1244411126032977718,17856995743057215,moniii__27,GuapaağŸ’–
1244411126032977718,17856995656057215,hernesi_,@patryjordan yo ya me sÃ© de memoria las canciones de fondo de las rutinas jajajağŸ˜‚
1244411126032977718,17856995611057215,martaa.cm,ğŸ˜ğŸ˜
1244411126032977718,17856995467057215,eli_martinmartin,La mÃºsica anima el dÃ­a
1244411126032977718,17856995461057215,virgi1911,Ya somos dos
1244411126032977718,17856995260057215,danialeonl,GuapÃ­sima mi Patry â¤
1244411126032977718,17856995200057215,kellycordovav,Somos dos
1244411126032977718,17856995176057215,sorteolacuenta2,Jajaja yo tambiÃ©n!ğŸ˜ğŸ˜ğŸ˜˜ğŸ˜˜
1244411126032977718,17856995173057215,consurojass_,Hermosa @patryjordan
1244411126032977718,17856995170057215,cfsecretosdechicas,GuapÃ­sima ğŸ˜
1244411126032977718,17856995158057215,alba.agr,ğŸ˜ğŸ˜ğŸ˜
1233604334273253257,18080098429025346,robert_olympic,ğŸ“â¤ï¸ğŸ—½ğŸ‡ºğŸ‡¸â¤ï¸â¤ï¸â¤ï¸â¤ï¸
1233604334273253257,17928000601223444,magdalenacoro,Me re encanta tu peinado!!ğŸ’›ğŸ’›ğŸ’›ğŸ’› cÃ³mo te lo hiciste?
1233604334273253257,17862645220022703,mdemarcorodriguez,Gracias a uds entrÃ© en esto llamado mundo fit!!!! Y me encanta la vida q llevo ahora.... A mis 35 aÃ±os He logrado la mejor versiÃ³n de mi misma!!
1233604334273253257,17858463190022703,myfantrac,Me encanta tu peinado
1233604334273253257,17856949393022703,her_rom_fer,Son unos guapos chuliiğŸ˜ŠğŸ˜Š
1233604334273253257,17856762451022703,rendonxochitl,Bonita parejağŸ˜˜
1233604334273253257,17856762148022703,adelasaantos,AsÃ­ me gusta formar una pareja incleible !!!!!### adelasp14
1233604334273253257,17856762082022703,pilyjimenez13,wooo deja demostrarte mi cambio gracias a #gymvirtual  @patryjordan
1233604334273253257,17856761875022703,secretosdechicas,@rande_n1 AsÃ­ me gusta! Vamos #YPCT âœŒï¸ ğŸ‘Š âœ‹
1233604334273253257,17856761851022703,secretosdechicas,@vianeyvzamora Ohh Gracias!ğŸ˜˜
1233604334273253257,17856761839022703,secretosdechicas,@priscila.a.balbuena Muchas gracias hermosa
1233604334273253257,17856761824022703,secretosdechicas,@leon_lizette Gracias ğŸ˜˜
1233604334273253257,17856761821022703,secretosdechicas,@nerak_994 Gracias ğŸ˜‰
1233604334273253257,17856761803022703,secretosdechicas,@guerejita13 Un beso grande ğŸ˜˜
1233604334273253257,17856749776022703,pepimeloja,Guapos mÃ¡s que guapos
1233604334273253257,17856743074022703,pausuareza,Lindisimos!! Los sigo desde Colombia!!! Me hacen reir a carcajadas!!
1233604334273253257,17856742081022703,kharito.forero,Los dos los mejores ğŸ˜ŠğŸ˜ŠğŸ˜ŠğŸ˜Š
1233604334273253257,17856741304022703,rande_n1,Bellos los amo. Acabando de terminar mis rutinas de @gymvirtual_com . Saludos desde Venezuela.
1233604334273253257,17856740500022703,hello.elizabethrn,I love u guys!!! You are the best!
1233604334273253257,17856740377022703,jorqueralorenacecilia,Con patri
1233604334273253257,17856740350022703,trejorivero,?????
1233604334273253257,17856740341022703,trejorivero,@patryjordan cuÃ¡ndo iras a cuernavaca
1233604334273253257,17856740332022703,jorqueralorenacecilia,Hola hace tiempo q no logro hablar contigo
1233604334273253257,17856740326022703,jimmylop98,Bonita patrry ğŸ’˜ğŸ˜ğŸ˜ğŸ˜ğŸ˜ğŸ˜ğŸ˜ğŸ˜ğŸ˜ğŸ˜ğŸ˜ğŸ˜ğŸ˜ğŸ˜
1233604334273253257,17856740314022703,vv_zam,Los amo jajaa
1233604334273253257,17856740059022703,priscilalejandra__,Es una pareja preciosisima
1233604334273253257,17856740029022703,danialeonl,Se ven guapisimos
1233604334273253257,17856740002022703,aslansihero,ğŸ˜˜ğŸ˜˜ğŸ˜˜ğŸ˜˜ğŸ˜˜
1233604334273253257,17856739996022703,rocio_bmv,Hermosossss ğŸ˜˜ğŸ˜˜ğŸ‘
1233604334273253257,17856739993022703,karen._.ocon,Me encantan los amooo ğŸ˜˜ğŸ’
1233604334273253257,17856739990022703,pilyjimenez13,Saludos desde MÃ©xico âœŒ
1053808238928940688,17845683403136025,kaylee030405,a veces pienso que hacer q ponerme o q inventar y da la casualidad q siempre pienso en patry ....personas como ella son admirables
1053808238928940688,17860426954044923,viryiphotographies,Sos muy geniaaaaaaa
1053808238928940688,17857871314044923,bpb63,Ya
1053808238928940688,17857203463044923,noeliadivina,ğŸ‘ğŸ»ğŸ‘ğŸ»ğŸ‘ğŸ» me gustan @princesadnadie
1053808238928940688,17856769840044923,aliciarsa,Sa conca ! Mi playa !
1053808238928940688,17856164023044923,sinabenito,Estas @albbafc
1053808238928940688,17853467068044923,lixi1492,Liebe Paty sigo tus rutinas. Eres lo mÃ ximo!!
1053808238928940688,17853128254044923,denissegcx,@jicen1 me has hecho reflexionar...
1053808238928940688,17850025909044923,itts.caandee,Patry eres preciosa!!!!!
1053808238928940688,17850699490044923,sxrsfj,Siguemee!
1053808238928940688,17850699487044923,sxrsfj,@secretosdechicas @patryjordan
1053808238928940688,17850699484044923,sxrsfj,@secretosdechicas @patryjordan
1053808238928940688,17850698344044923,sxrsfj,"Patry me podrias seguir porfavor e visto todos los videos el d el la reflexion d carlitos,la fuerza maligna ,carlitos peluquero!..Porfavor si me sigues sere la chica mas feliz d la galaxiağŸŒSigueme porfavor! @secretosdechicas @secretosdechicas @patryjordan @patryjordan @carlesgali @carlesgali @cclaudiasoler @cclaudiasoler"
1053808238928940688,17850695020044923,guerrero__fanny,@patryjordan y yo se que tus vÃ­deos me van a ayudar a adelgazar. Dios te bendiga y gracias por los vÃ­deos que ayudan a millones de personas en el mundo a sentirce confiada en ellas mismas ğŸ‘ŠğŸ˜˜ #happy
1053808238928940688,17850695017044923,guerrero__fanny,@patryjordan estaba viendo tus vÃ­deos en YouTube y son los mejores vÃ­deos de ejercicio felicidades
1053808238928940688,17850694303044923,glzn0235,Hermosa patry saludos
1053808238928940688,17850694291044923,moni_olinka,Saludos desde el Estado de MÃ©xico :D @patryjordan los quiero. Tu siempre tan linda !!!
1053808238928940688,17850694219044923,barbara.lencinas,Que bella @patryjordan
1053808238928940688,17850694147044923,carina_pereyra,SOS UNA DIOSA @patryjordan !!!
1053808238928940688,17850694102044923,nagr.15,Que linda te ves Patry ğŸ˜˜
1053808238928940688,17850694066044923,sandiioliiva,Bellisima!!
1053808238928940688,17850694051044923,isaferveg,Patri PODRÃA hacer un video de como colocar los dedos para hacer las trenzas
1053808238928940688,17850694036044923,sm_itt,Eres hermosa @patryjordan ğŸ’—
1053808238928940688,17850694030044923,cecily.who,Hermosa!
1053808238928940688,17850693985044923,dianasalazarz,Te amo @patryjordan
1053808238928940688,17850693979044923,rociioqm,Porque tan guapaa?!?!ğŸ˜ğŸ˜ğŸ˜˜ğŸ˜˜ @patryjordan
1053808238928940688,17850693970044923,carlesgali,ğŸ˜˜ I LOVE YOU! â˜ºï¸
